{
  "id": "pf2e-camping",
  "title": "Pf2e Camping",
  "version": "1.0.0",
  "compatibility": {
    "minimum": "11",
    "verified": "11"
  },
  "description":"A module for camping activities in non-Kingmaker games.",
  "url": "https://github.com/HeyImSpats/pf2eCamping",
  "manifest": "https://github.com/HeyImSpats/pf2eCamping/releases/latest/download/module.json",
  "download":"https://github.com/HeyImSpats/pf2eCamping/releases/latest/download/pf2e-camping.zip",
  "authors":[
    {
      "name":"Spats",
    "discord": "Spats."
    }
  ],
  "packs": [
    {
      "name": "camping-information",
      "label": "Camping Information",
      "path": "packs/camping-information",
      "type": "JournalEntry",
      "ownership": {
        "PLAYER": "OBSERVER",
        "ASSISTANT": "OWNER"
      },
      "flags": {}
    },
    {
      "name": "camping-activities",
      "label": "Camping Activities",
      "path": "packs/camping-activities",
      "type": "Item",
      "ownership": {
        "PLAYER": "OBSERVER",
        "ASSISTANT": "OWNER"
      },
      "system": "pf2e",
      "flags": {}
    }
  ],
  "packFolders":[
    {
      "name": "Camping",
      "sorting":"m",
      "packs":[
        "camping-activities",
        "camping-information"
      ]
    }
  ],
  "flags": {
        "pf2e-camping":{
          "pf2e-homebrew":{
            "featTraits":{
              "camping":{
                "label": "Camping",
                "description": "An activity that can be performed by a character during a camping session. A camping activity usually takes 2 hours to complete."
              }
            }
          }
        }
      }
}